INSERT INTO JENJANG(nama) VALUES 
	('S1'),
	('S2'),
	('S3');

INSERT INTO PROGRAM_STUDI(kode, nama, jenis_kelas, nama_fakultas, jenjang) VALUES
	(1, 'Kedokteran', 'Reguler', 'Kedokteran', 'S1'),
	(2, 'Matematika', 'Reguler', 'Matematika dan Pengetahuan Alam', 'S1'),
	(3, 'Teknik Sipil', 'Reguler', 'Teknik', 'S1'),
	(4, 'Ilmu Komputer', 'Reguler', 'Ilmu Komputer', 'S1'),
	(5, 'Kedokteran', 'Reguler', 'Kedokteran', 'S2'),
	(6, 'Fisika', 'Reguler', 'Matematika dan Pengetahuan Alam', 'S2'),
	(7, 'Teknik Sipil', 'Reguler', 'Teknik', 'S2'),
	(8, 'Ilmu Komputer', 'Reguler', 'Ilmu Komputer', 'S2'),
	(9, 'Kedokteran', 'Reguler', 'Kedokteran', 'S3'),
	(10, 'Biologi', 'Reguler', 'Matematika dan Pengetahuan Alam', 'S3'),
	(11, 'Teknik Sipil', 'Reguler', 'Teknik', 'S3'),
	(12, 'Ilmu Komputer', 'Reguler', 'Ilmu Komputer', 'S3'),
	(13, 'Kedokteran', 'Internasional', 'Kedokteran', 'S1'),
	(14, 'Biologi', 'Internasional', 'Matematika dan Pengetahuan Alam', 'S1'),
	(15, 'Teknik Industri', 'Internasional', 'Teknik', 'S1'),
	(16, 'Ilmu Komputer', 'Internasional', 'Ilmu Komputer', 'S1'),
	(17, 'Kedokteran', 'Paralel', 'Kedokteran', 'S1'),
	(18, 'Biologi', 'Paralel', 'Matematika dan Pengetahuan Alam', 'S1'),
	(19, 'Teknik Industri', 'Paralel', 'Teknik', 'S1'),
	(20, 'Ilmu Komputer', 'Paralel', 'Ilmu Komputer', 'S1');

INSERT INTO PERIODE_PENERIMAAN(nomor, tahun) VALUES
	(1, '2007'),
	(2, '2008'),
	(3, '2009');

INSERT INTO JADWAL_PENTING(nomor, tahun, jenjang, waktu_mulai, waktu_selesai, deskripsi) VALUES 
	(1,	'2007',	'S1',	'21/6/2007 08:00',	'30/6/2007 09:00',	'Pendaftaran Online'),
	(1,	'2007',	'S1',	'1/7/2007 08:00',	'10/7/2007 09:00',	'Pembayaran'),
	(1,	'2007',	'S1',	'11/7/2007 08:00',	'20/7/2007 09:00',	'Pencetakan Kartu Tanda Ujian'),
	(1,	'2007',	'S1',	'22/7/2007 07:00',	'22/7/2007 15:00',	'Ujian Saringan Masuk'),
	(1,	'2007',	'S1',	'13/8/2007 17:00',	'13/9/2007 17:00',	'Pengumuman Hasil Seleksi Masuk'),
-	(1,	'2007',	'S2',	'21/4/2007 08:00',	'30/4/2007 09:00',	'Pendaftaran Online'),
	(1,	'2007',	'S2',	'1/5/2007 08:00',	'10/5/2007 09:00',	'Pembayaran'),
	(1,	'2007',	'S2',	'11/5/2007 08:00',	'20/5/2007 09:00',	'Pencetakan Kartu Tanda Ujian'),
	(1,	'2007',	'S2',	'22/5/2007 07:00',	'22/5/2007 09:00',	'Ujian Saringan Masuk'),
	(1,	'2007',	'S2',	'13/6/2007 17:00',	'13/7/2007 17:00',	'Pengumuman Hasil Seleksi Masuk'),
	(1,	'2007',	'S3',	'21/3/2007 08:00',	'30/3/2007 09:00',	'Pendaftaran Online'),
	(1,	'2007',	'S3',	'31/3/2007 08:00',	'9/4/2007 09:00',	'Pembayaran'),
	(1,	'2007',	'S3',	'10/4/2007 08:00',	'19/4/2007 09:00',	'Pencetakan Kartu Tanda Ujian'),
	(1,	'2007',	'S3',	'21/4/2007 07:00',	'21/4/2007 09:00',	'Ujian Saringan Masuk'),
-	(1,	'2007',	'S3',	'13/5/2007 17:00',	'13/6/2007 17:00',	'Pengumuman Hasil Seleksi Masuk'),
	(2,	'2008',	'S1',	'21/6/2008 08:00',	'30/6/2008 09:00',	'Pendaftaran Online'),
	(2,	'2008',	'S1',	'1/7/2008 08:00',	'10/7/2008 09:00',	'Pembayaran'),
	(2,	'2008',	'S1',	'11/7/2008 08:00',	'20/7/2008 09:00',	'Pencetakan Kartu Tanda Ujian'),
	(2,	'2008',	'S1',	'22/7/2008 07:00',	'22/7/2008 15:00',	'Ujian Saringan Masuk'),
	(2,	'2008',	'S1',	'13/8/2008 17:00',	'13/9/2008 17:00',	'Pengumuman Hasil Seleksi Masuk'),
	(2,	'2008',	'S2',	'21/4/2008 08:00',	'30/4/2008 09:00',	'Pendaftaran Online'),
	(2,	'2008',	'S2',	'1/5/2008 08:00',	'10/5/2008 09:00',	'Pembayaran'),
	(2,	'2008',	'S2',	'11/5/2008 08:00',	'20/5/2008 09:00',	'Pencetakan Kartu Tanda Ujian'),
	(2,	'2008',	'S2',	'22/5/2008 07:00',	'22/5/2008 09:00',	'Ujian Saringan Masuk'),
	(2,	'2008',	'S2',	'13/6/2008 17:00',	'13/7/2008 17:00',	'Pengumuman Hasil Seleksi Masuk'),
	(2,	'2008',	'S3',	'21/3/2008 08:00',	'30/3/2008 09:00',	'Pendaftaran Online'),
	(2,	'2008',	'S3',	'31/3/2008 08:00',	'9/4/2008 09:00',	'Pembayaran'),
	(2,	'2008',	'S3',	'10/4/2008 08:00',	'19/4/2008 09:00',	'Pencetakan Kartu Tanda Ujian'),
	(2,	'2008',	'S3',	'21/4/2008 07:00',	'21/4/2008 09:00',	'Ujian Saringan Masuk'),
-	(2,	'2008',	'S3',	'13/5/2008 17:00',	'13/6/2008 17:00',	'Pengumuman Hasil Seleksi Masuk'),
	(3,	'2009',	'S1',	'21/6/2009 08:00',	'30/6/2009 09:00',	'Pendaftaran Online'),
	(3,	'2009',	'S1',	'1/7/2009 08:00',	'10/7/2009 09:00',	'Pembayaran'),
	(3,	'2009',	'S1',	'11/7/2009 08:00',	'20/7/2009 09:00',	'Pencetakan Kartu Tanda Ujian'),
	(3,	'2009',	'S1',	'22/7/2009 07:00',	'22/7/2009 15:00',	'Ujian Saringan Masuk'),
	(3,	'2009',	'S1',	'13/8/2009 17:00',	'13/9/2009 17:00',	'Pengumuman Hasil Seleksi Masuk'),
	(3,	'2009',	'S2',	'21/4/2009 08:00',	'30/4/2009 09:00',	'Pendaftaran Online'),
	(3,	'2009',	'S2',	'1/5/2009 08:00',	'10/5/2009 09:00',	'Pembayaran'),
	(3,	'2009',	'S2',	'11/5/2009 08:00',	'20/5/2009 09:00',	'Pencetakan Kartu Tanda Ujian'),
	(3,	'2009',	'S2',	'22/5/2009 07:00',	'22/5/2009 09:00',	'Ujian Saringan Masuk'),
	(3,	'2009',	'S2',	'13/6/2009 17:00',	'13/7/2009 17:00',	'Pengumuman Hasil Seleksi Masuk'),
	(3,	'2009',	'S3',	'21/3/2009 08:00',	'30/3/2009 09:00',	'Pendaftaran Online'),
	(3,	'2009',	'S3',	'31/3/2009 08:00',	'9/4/2009 09:00',	'Pembayaran'),
	(3,	'2009',	'S3',	'10/4/2009 08:00',	'19/4/2009 09:00',	'Pencetakan Kartu Tanda Ujian'),
	(3,	'2009',	'S3',	'21/4/2009 07:00',	'21/4/2009 09:00',	'Ujian Saringan Masuk'),
	(3,	'2009',	'S3',	'13/5/2009 17:00',	'13/6/2009 17:00',	'Pengumuman Hasil Seleksi Masuk');
